{
  "total_packets": 9924,
  "parse_success": 9924,
  "parse_errors": 0,
  "packet_types": {
    "Disconnect": 5,
    "Connect": 15,
    "Accept": 48,
    "MemoryRead": 49,
    "Generic": 170,
    "StreamingAuth": 13,
    "StreamingAuthResponse": 13,
    "GetData": 4790,
    "DataResponse": 4789,
    "StopGraph": 19,
    "StartGraph": 10,
    "Reject": 3
  },
  "attributes_in_requests": {
    "0x0008": 11,
    "0x0200": 12,
    "0x0001": 2753,
    "0x0002": 692,
    "0x0003": 44,
    "0x0010": 1213,
    "0x0011": 65
  },
  "attributes_in_responses": {
    "[8]": 11,
    "[512]": 12,
    "[1]": 2752,
    "[2]": 688,
    "[1, 2]": 44,
    "[16]": 1213,
    "[1, 16]": 65
  },
  "request_response_pair_count": 4789,
  "request_response_correlation": {
    "0x0008": {
      "[8]": 11
    },
    "0x0200": {
      "[512]": 12
    },
    "0x0001": {
      "[1]": 2752
    },
    "0x0002": {
      "[2]": 688,
      "[]": 4
    },
    "0x0003": {
      "[1, 2]": 44
    },
    "0x0010": {
      "[16]": 1213
    },
    "0x0011": {
      "[1, 16]": 65
    }
  },
  "latency_us": {
    "min": 72.99999999865747,
    "median": 163.00000000057935,
    "mean": 228.23574859036168,
    "max": 1322.0000000000455
  },
  "chained_packets_stats": {
    "1_packets": 4676,
    "2_packets": 109
  },
  "data_sample_counts": {
    "adc_samples": 2861,
    "pd_status_samples": 1182,
    "pd_events": 349
  }
}